District,Date,Rainfall,Temperature,MEI
Colombo,2000-01-01,0.94,25.4,-1.25
Colombo,2000-02-01,2.94,26.56,-1.26
Colombo,2000-03-01,2.07,27.63,-1.37
Colombo,2000-04-01,3.65,27.49,-0.9
Colombo,2000-05-01,2.15,27.66,-0.94
Colombo,2000-06-01,3.52,26.04,-1.18
Colombo,2000-07-01,2.61,26.33,-0.61
Colombo,2000-08-01,5.37,25.83,-0.08
Colombo,2000-09-01,3.21,26.12,-0.36
Colombo,2000-10-01,3.08,26.05,-0.52
Colombo,2000-11-01,6.73,26.38,-0.86
Colombo,2000-12-01,2.81,25.72,-0.79
Colombo,2001-01-01,3.73,25.56,-0.84
Colombo,2001-02-01,2.25,25.86,-0.86
Colombo,2001-03-01,0.46,28.25,-0.78
Colombo,2001-04-01,6.9,27.65,-0.55
Colombo,2001-05-01,4.32,27.43,-0.52
Colombo,2001-06-01,4.21,26.4,-0.73
Colombo,2001-07-01,3.01,25.64,0.03
Colombo,2001-08-01,0.69,26.07,0.38
Colombo,2001-09-01,4.96,26.38,-0.06
Colombo,2001-10-01,3.36,26.06,-0.23
Colombo,2001-11-01,4.27,26.06,-0.28
Colombo,2001-12-01,2.77,25.9,0.06
Colombo,2002-01-01,1.07,26.66,0.09
Colombo,2002-02-01,2.21,27.54,-0.26
Colombo,2002-03-01,1.78,28.56,-0.2
Colombo,2002-04-01,6.88,27.67,-0.36
Colombo,2002-05-01,6.79,27.4,-0.14
Colombo,2002-06-01,2.52,26.49,0.34
Colombo,2002-07-01,1.07,26.37,0.43
Colombo,2002-08-01,2.32,25.99,1.01
Colombo,2002-09-01,1.67,27.15,0.88
Colombo,2002-10-01,12.35,26.09,0.84
Colombo,2002-11-01,7.02,25.87,0.84
Colombo,2002-12-01,5.46,25.4,0.91
Colombo,2003-01-01,1.9,25.08,0.82
Colombo,2003-02-01,2.51,26.42,0.63
Colombo,2003-03-01,3.9,27.29,0.53
Colombo,2003-04-01,4.65,28.02,-0.11
Colombo,2003-05-01,5.73,27.53,-0.61
Colombo,2003-06-01,3.85,26.69,-0.1
Colombo,2003-07-01,2.85,26.35,0.01
Colombo,2003-08-01,1.81,26.32,0.05
Colombo,2003-09-01,3.01,26.59,0.18
Colombo,2003-10-01,4.36,26.63,0.28
Colombo,2003-11-01,9.99,26.28,0.3
Colombo,2003-12-01,0.82,25.85,0.14
Colombo,2004-01-01,0.81,27.14,0.19
Colombo,2004-02-01,0.91,27.84,-0.04
Colombo,2004-03-01,1.01,28.43,-0.43
Colombo,2004-04-01,4.34,28.14,-0.23
Colombo,2004-05-01,6.4,27.38,-0.46
Colombo,2004-06-01,3.61,26.68,-0.38
Colombo,2004-07-01,2.38,26.21,0.46
Colombo,2004-08-01,1.86,26.58,0.76
Colombo,2004-09-01,7.92,26.15,0.58
Colombo,2004-10-01,8.23,26.16,0.4
Colombo,2004-11-01,8.45,26.1,0.56
Colombo,2004-12-01,4.59,25.14,0.48
Colombo,2005-01-01,2.73,25.4,0.09
Colombo,2005-02-01,1.21,26.12,0.61
Colombo,2005-03-01,3.58,27.71,0.83
Colombo,2005-04-01,5.05,27.44,0.14
Colombo,2005-05-01,6.06,27.65,0.19
Colombo,2005-06-01,4.15,26.84,0.21
Colombo,2005-07-01,3.46,26.0,-0.0
Colombo,2005-08-01,1.08,26.6,0.02
Colombo,2005-09-01,2.92,26.25,-0.02
Colombo,2005-10-01,9.84,26.12,-0.66
Colombo,2005-11-01,15.17,25.37,-0.7
Colombo,2005-12-01,4.21,25.12,-0.7
Colombo,2006-01-01,5.86,24.54,-0.64
Colombo,2006-02-01,1.82,25.64,-0.49
Colombo,2006-03-01,4.15,26.69,-0.62
Colombo,2006-04-01,2.22,27.22,-0.84
Colombo,2006-05-01,5.88,27.02,-0.42
Colombo,2006-06-01,3.52,26.64,-0.17
Colombo,2006-07-01,3.23,25.93,0.22
Colombo,2006-08-01,5.94,25.98,0.59
Colombo,2006-09-01,5.1,25.96,0.65
Colombo,2006-10-01,15.56,26.03,0.77
Colombo,2006-11-01,14.21,25.95,1.0
Colombo,2006-12-01,5.39,25.29,0.64
Colombo,2007-01-01,3.15,24.83,0.64
Colombo,2007-02-01,0.7,25.66,0.4
Colombo,2007-03-01,1.01,27.26,-0.19
Colombo,2007-04-01,9.75,27.22,-0.32
Colombo,2007-05-01,3.35,27.31,-0.41
Colombo,2007-06-01,5.04,26.57,-0.83
Colombo,2007-07-01,3.28,25.92,-0.76
Colombo,2007-08-01,4.49,26.04,-0.91
Colombo,2007-09-01,5.54,26.14,-1.06
Colombo,2007-10-01,10.21,25.69,-1.13
Colombo,2007-11-01,5.52,25.66,-1.12
Colombo,2007-12-01,5.45,25.18,-1.19
Colombo,2008-01-01,1.81,25.1,-1.07
Colombo,2008-02-01,3.54,26.07,-1.27
Colombo,2008-03-01,9.59,26.1,-1.52
Colombo,2008-04-01,12.2,26.6,-1.1
Colombo,2008-05-01,3.27,26.75,-0.99
Colombo,2008-06-01,5.57,26.23,-0.79
Colombo,2008-07-01,5.91,25.87,-0.78
Colombo,2008-08-01,3.34,25.68,-1.01
Colombo,2008-09-01,2.33,26.13,-1.02
Colombo,2008-10-01,9.49,26.48,-1.09
Colombo,2008-11-01,6.62,26.07,-0.98
Colombo,2008-12-01,2.91,25.26,-1.01
Colombo,2009-01-01,1.21,25.0,-1.01
Colombo,2009-02-01,0.2,26.04,-0.85
Colombo,2009-03-01,6.81,27.18,-0.95
Colombo,2009-04-01,7.25,27.45,-0.81
Colombo,2009-05-01,6.0,27.16,-0.72
Colombo,2009-06-01,5.68,26.46,-0.05
Colombo,2009-07-01,2.98,25.9,0.56
Colombo,2009-08-01,5.01,26.02,0.56
Colombo,2009-09-01,4.97,26.23,0.42
Colombo,2009-10-01,5.2,26.44,0.56
Colombo,2009-11-01,13.48,26.04,1.04
Colombo,2009-12-01,5.67,25.87,0.95
Colombo,2010-01-01,2.99,25.17,0.93
Colombo,2010-02-01,1.49,26.24,1.28
Colombo,2010-03-01,3.26,27.61,1.33
Colombo,2010-04-01,10.72,27.76,0.49
Colombo,2010-05-01,13.79,27.42,-0.12
Colombo,2010-06-01,7.83,26.57,-1.29
Colombo,2010-07-01,5.53,25.82,-2.42
Colombo,2010-08-01,4.77,25.5,-2.38
Colombo,2010-09-01,6.89,25.66,-2.26
Colombo,2010-10-01,7.66,25.67,-2.16
Colombo,2010-11-01,17.24,25.54,-2.01
Colombo,2010-12-01,11.27,25.04,-1.85
Colombo,2011-01-01,6.69,24.75,-1.77
Colombo,2011-02-01,6.9,25.33,-1.59
Colombo,2011-03-01,4.48,26.32,-1.75
Colombo,2011-04-01,13.11,26.45,-1.69
Colombo,2011-05-01,5.68,26.97,-1.24
Colombo,2011-06-01,3.69,26.49,-1.03
Colombo,2011-07-01,3.56,25.77,-0.75
Colombo,2011-08-01,4.17,25.9,-0.81
Colombo,2011-09-01,4.52,26.16,-1.08
Colombo,2011-10-01,8.87,26.26,-1.3
Colombo,2011-11-01,9.03,26.11,-1.14
Colombo,2011-12-01,4.18,25.58,-1.18
Colombo,2012-01-01,2.05,25.13,-1.07
Colombo,2012-02-01,4.14,25.85,-0.68
Colombo,2012-03-01,4.31,27.04,-0.59
Colombo,2012-04-01,12.06,26.99,-0.38
Colombo,2012-05-01,3.17,26.93,-0.32
Colombo,2012-06-01,4.45,26.48,-0.28
Colombo,2012-07-01,2.84,26.29,0.34
Colombo,2012-08-01,5.52,26.21,-0.02
Colombo,2012-09-01,5.85,26.22,-0.29
Colombo,2012-10-01,15.77,26.15,-0.19
Colombo,2012-11-01,10.02,26.14,-0.03
Colombo,2012-12-01,9.82,25.63,-0.03
Colombo,2013-01-01,4.45,25.03,-0.06
Colombo,2013-02-01,5.47,25.71,-0.08
Colombo,2013-03-01,6.01,27.04,-0.13
Colombo,2013-04-01,6.59,27.51,-0.35
Colombo,2013-05-01,9.06,27.03,-0.68
Colombo,2013-06-01,9.95,25.98,-1.14
Colombo,2013-07-01,5.4,25.62,-0.79
Colombo,2013-08-01,2.41,25.64,-0.45
Colombo,2013-09-01,6.3,25.86,-0.33
Colombo,2013-10-01,7.42,26.03,-0.13
Colombo,2013-11-01,7.12,26.36,-0.16
Colombo,2013-12-01,2.75,25.36,-0.33
Colombo,2014-01-01,2.45,25.29,-0.5
Colombo,2014-02-01,0.87,26.22,-0.42
Colombo,2014-03-01,2.31,27.6,-0.05
Colombo,2014-04-01,8.67,27.47,-0.17
Colombo,2014-05-01,5.58,27.24,-0.17
Colombo,2014-06-01,5.48,26.94,0.0
Colombo,2014-07-01,2.41,26.41,0.41
Colombo,2014-08-01,6.62,25.94,0.23
Colombo,2014-09-01,7.27,26.28,-0.1
Colombo,2014-10-01,14.83,26.02,0.11
Colombo,2014-11-01,8.96,25.8,0.37
Colombo,2014-12-01,12.34,25.67,0.35
Colombo,2015-01-01,0.88,25.08,0.23
Colombo,2015-02-01,3.98,25.49,0.06
Colombo,2015-03-01,4.27,27.14,0.15
Colombo,2015-04-01,9.79,27.28,0.31
Colombo,2015-05-01,5.77,27.21,0.95
Colombo,2015-06-01,4.82,26.92,1.9
Colombo,2015-07-01,2.61,26.43,1.79
Colombo,2015-08-01,3.68,26.51,1.95
Colombo,2015-09-01,8.99,26.28,2.24
Colombo,2015-10-01,13.16,26.2,2.15
Colombo,2015-11-01,14.2,26.19,1.93
Colombo,2015-12-01,8.19,26.25,1.93
Colombo,2016-01-01,1.4,25.71,1.93
Colombo,2016-02-01,2.65,26.63,1.8
Colombo,2016-03-01,2.8,28.03,1.32
Colombo,2016-04-01,5.01,28.53,1.32
Colombo,2016-05-01,17.09,27.74,1.24
Colombo,2016-06-01,3.92,26.67,0.35
Colombo,2016-07-01,2.19,26.05,-0.54
Colombo,2016-08-01,1.04,26.21,-0.26
Colombo,2016-09-01,1.0,26.07,-0.29
Colombo,2016-10-01,4.32,26.41,-0.53
Colombo,2016-11-01,9.74,26.06,-0.47
Colombo,2016-12-01,2.57,25.71,-0.37
Colombo,2017-01-01,1.75,25.3,-0.42
Colombo,2017-02-01,2.11,26.2,-0.41
Colombo,2017-03-01,7.2,26.96,-0.58
Colombo,2017-04-01,2.84,27.69,-0.19
Colombo,2017-05-01,9.14,27.52,0.2
Colombo,2017-06-01,3.18,26.68,-0.23
Colombo,2017-07-01,1.45,26.72,-0.63
Colombo,2017-08-01,3.25,26.5,-0.72
Colombo,2017-09-01,5.83,26.34,-0.73
Colombo,2017-10-01,8.73,26.54,-0.59
Colombo,2017-11-01,9.58,26.18,-0.62
Colombo,2017-12-01,5.18,25.7,-0.74
Colombo,2018-01-01,1.03,25.07,-0.79
Colombo,2018-02-01,2.4,26.47,-0.71
Colombo,2018-03-01,3.98,27.42,-0.8
Colombo,2018-04-01,8.83,27.7,-1.32
Colombo,2018-05-01,13.33,26.95,-0.94
Colombo,2018-06-01,5.53,26.52,-0.51
Colombo,2018-07-01,2.46,25.84,-0.05
Colombo,2018-08-01,2.86,25.45,0.47
Colombo,2018-09-01,3.88,26.19,0.62
Colombo,2018-10-01,8.96,25.99,0.52
Colombo,2018-11-01,9.93,26.14,0.33
Colombo,2018-12-01,3.9,25.56,0.18
Colombo,2019-01-01,0.86,25.35,0.09
Colombo,2019-02-01,4.27,26.68,0.5
Colombo,2019-03-01,1.53,27.76,0.76
Colombo,2019-04-01,6.94,28.24,0.3
Colombo,2019-05-01,2.54,27.87,0.23
Colombo,2019-06-01,3.88,27.67,0.35
Colombo,2019-07-01,2.93,26.9,0.3
Colombo,2019-08-01,7.93,26.51,0.32
Colombo,2019-09-01,11.1,26.41,0.16
Colombo,2019-10-01,16.42,26.02,0.31
Colombo,2019-11-01,11.5,26.62,0.47
Colombo,2019-12-01,8.27,26.21,0.36
Colombo,2020-01-01,1.89,26.07,0.24
Colombo,2020-02-01,0.65,26.52,0.26
Colombo,2020-03-01,1.55,28.02,0.13
Colombo,2020-04-01,6.57,28.38,-0.15
Colombo,2020-05-01,11.22,27.72,-0.23
Colombo,2020-06-01,4.76,27.06,-0.68
Colombo,2020-07-01,4.23,26.29,-0.94
Colombo,2020-08-01,4.05,26.35,-0.96
Colombo,2020-09-01,7.88,26.18,-1.15
Colombo,2020-10-01,3.38,26.43,-1.17
Colombo,2020-11-01,10.96,26.64,-1.13
Colombo,2020-12-01,7.16,25.96,-1.14
Colombo,2021-01-01,7.14,25.6,-1.2
Colombo,2021-02-01,1.25,25.87,-0.96
Colombo,2021-03-01,5.74,26.91,-0.79
Colombo,2021-04-01,6.13,27.39,-0.95
Colombo,2021-05-01,14.1,27.29,-1.07
Colombo,2021-06-01,7.53,26.71,-1.05
Colombo,2021-07-01,6.06,26.36,-1.44
Colombo,2021-08-01,5.49,26.1,-1.29
Colombo,2021-09-01,6.3,26.48,-1.37
Colombo,2021-10-01,12.69,26.28,-1.46
Colombo,2021-11-01,15.19,25.91,-1.39
Colombo,2021-12-01,3.06,25.95,-1.2
Colombo,2022-01-01,2.23,25.98,-1.01
Colombo,2022-02-01,5.57,25.89,-0.98
Colombo,2022-03-01,2.66,27.0,-1.31
Colombo,2022-04-01,14.22,27.12,-1.6
Colombo,2022-05-01,9.73,27.22,-1.63
Colombo,2022-06-01,3.84,26.46,-1.9
Colombo,2022-07-01,3.57,26.01,-2.17
Colombo,2022-08-01,6.85,25.75,-1.75
Colombo,2022-09-01,3.22,26.03,-1.73
Colombo,2022-10-01,10.74,25.97,-1.72
Colombo,2022-11-01,9.12,25.8,-1.53
Colombo,2022-12-01,8.36,25.64,-1.27
Colombo,2023-01-01,2.92,24.72,-1.11
Colombo,2023-02-01,3.4,25.43,-0.91
Colombo,2023-03-01,4.62,27.08,-0.76
Colombo,2023-04-01,7.32,27.87,-0.36
Colombo,2023-05-01,8.04,27.5,-0.06
Colombo,2023-06-01,5.33,27.24,0.43
Colombo,2023-07-01,3.41,26.62,0.51
Colombo,2023-08-01,2.59,26.95,0.51
Colombo,2023-09-01,13.6,26.57,0.69
Colombo,2023-10-01,17.98,26.27,0.48
Colombo,2023-11-01,16.81,26.69,0.91
Colombo,2023-12-01,11.24,26.59,1.13
Colombo,2024-01-01,5.75,25.94,0.7
Colombo,2024-02-01,0.95,26.69,0.68
Colombo,2024-03-01,1.92,27.88,0.78
Colombo,2024-04-01,5.48,28.83,0.34
Colombo,2024-05-01,10.4,28.19,0.12
Colombo,2024-06-01,5.21,27.23,-0.24
Colombo,2024-07-01,3.69,26.99,-0.72
Colombo,2024-08-01,5.41,26.73,-0.73
Colombo,2024-09-01,3.43,27.16,-0.65
Colombo,2024-10-01,7.02,26.69,-0.51
Colombo,2024-11-01,11.91,26.66,-0.68
Colombo,2024-12-01,3.98,26.46,-0.91
Colombo,2025-01-01,5.23,25.51,-1.0
Colombo,2025-02-01,1.76,26.1,-0.83
Colombo,2025-03-01,8.28,27.3,-0.68
Colombo,2025-04-01,10.06,27.37,-0.38
Colombo,2025-05-01,8.52,27.57,-0.36
Colombo,2025-06-01,4.34,26.9,-1.17
Colombo,2025-07-01,2.39,26.39,-1.22
Colombo,2025-08-01,2.64,26.13,-0.87
Colombo,2025-09-01,5.96,26.6,-1.12
Colombo,2025-10-01,16.8,26.47,-1.19
Colombo,2025-11-01,20.9,26.07,-1.06
Colombo,2025-12-01,4.62,25.5,-0.77
Kandy,2000-01-01,0.83,23.43,-1.25
Kandy,2000-02-01,2.33,25.43,-1.26
Kandy,2000-03-01,0.83,26.89,-1.37
Kandy,2000-04-01,2.9,27.54,-0.9
Kandy,2000-05-01,1.75,27.35,-0.94
Kandy,2000-06-01,1.9,25.59,-1.18
Kandy,2000-07-01,4.05,25.91,-0.61
Kandy,2000-08-01,3.19,24.99,-0.08
Kandy,2000-09-01,3.07,25.36,-0.36
Kandy,2000-10-01,2.32,25.01,-0.52
Kandy,2000-11-01,8.57,24.54,-0.86
Kandy,2000-12-01,3.68,23.35,-0.79
Kandy,2001-01-01,4.8,23.1,-0.84
Kandy,2001-02-01,2.81,22.97,-0.86
Kandy,2001-03-01,0.08,26.57,-0.78
Kandy,2001-04-01,4.85,27.22,-0.55
Kandy,2001-05-01,2.31,26.66,-0.52
Kandy,2001-06-01,4.09,25.35,-0.73
Kandy,2001-07-01,4.39,24.86,0.03
Kandy,2001-08-01,0.5,25.44,0.38
Kandy,2001-09-01,4.01,25.78,-0.06
Kandy,2001-10-01,3.2,25.1,-0.23
Kandy,2001-11-01,5.71,24.34,-0.28
Kandy,2001-12-01,4.32,23.43,0.06
Kandy,2002-01-01,1.95,23.51,0.09
Kandy,2002-02-01,2.97,24.35,-0.26
Kandy,2002-03-01,1.53,26.69,-0.2
Kandy,2002-04-01,4.71,27.36,-0.36
Kandy,2002-05-01,3.91,26.42,-0.14
Kandy,2002-06-01,2.09,25.79,0.34
Kandy,2002-07-01,0.71,26.13,0.43
Kandy,2002-08-01,2.49,25.7,1.01
Kandy,2002-09-01,0.88,26.76,0.88
Kandy,2002-10-01,7.93,25.32,0.84
Kandy,2002-11-01,5.4,24.35,0.84
Kandy,2002-12-01,7.89,23.37,0.91
Kandy,2003-01-01,3.2,22.76,0.82
Kandy,2003-02-01,2.28,23.86,0.63
Kandy,2003-03-01,3.22,25.45,0.53
Kandy,2003-04-01,2.87,27.55,-0.11
Kandy,2003-05-01,4.11,26.69,-0.61
Kandy,2003-06-01,1.98,26.01,-0.1
Kandy,2003-07-01,1.33,25.64,0.01
Kandy,2003-08-01,0.92,25.88,0.05
Kandy,2003-09-01,1.78,26.49,0.18
Kandy,2003-10-01,2.97,26.23,0.28
Kandy,2003-11-01,9.42,24.47,0.3
Kandy,2003-12-01,1.22,23.65,0.14
Kandy,2004-01-01,1.74,24.34,0.19
Kandy,2004-02-01,1.75,25.22,-0.04
Kandy,2004-03-01,1.56,27.29,-0.43
Kandy,2004-04-01,3.17,28.02,-0.23
Kandy,2004-05-01,4.49,26.47,-0.46
Kandy,2004-06-01,2.46,25.65,-0.38
Kandy,2004-07-01,1.24,25.58,0.46
Kandy,2004-08-01,0.84,26.1,0.76
Kandy,2004-09-01,5.48,25.54,0.58
Kandy,2004-10-01,7.71,24.99,0.4
Kandy,2004-11-01,8.07,24.27,0.56
Kandy,2004-12-01,9.84,23.0,0.48
Kandy,2005-01-01,3.31,22.99,0.09
Kandy,2005-02-01,1.1,23.37,0.61
Kandy,2005-03-01,2.24,25.51,0.83
Kandy,2005-04-01,4.08,26.56,0.14
Kandy,2005-05-01,2.55,27.11,0.19
Kandy,2005-06-01,1.93,26.18,0.21
Kandy,2005-07-01,2.31,25.59,-0.0
Kandy,2005-08-01,0.96,26.29,0.02
Kandy,2005-09-01,2.71,25.79,-0.02
Kandy,2005-10-01,6.56,25.26,-0.66
Kandy,2005-11-01,11.33,23.79,-0.7
Kandy,2005-12-01,3.74,23.11,-0.7
Kandy,2006-01-01,6.33,22.23,-0.64
Kandy,2006-02-01,2.23,23.34,-0.49
Kandy,2006-03-01,3.84,25.01,-0.62
Kandy,2006-04-01,1.98,26.47,-0.84
Kandy,2006-05-01,3.52,26.28,-0.42
Kandy,2006-06-01,1.67,26.2,-0.17
Kandy,2006-07-01,2.43,25.38,0.22
Kandy,2006-08-01,3.77,25.49,0.59
Kandy,2006-09-01,3.01,25.21,0.65
Kandy,2006-10-01,11.38,25.1,0.77
Kandy,2006-11-01,12.36,24.11,1.0
Kandy,2006-12-01,6.47,22.97,0.64
Kandy,2007-01-01,4.28,22.37,0.64
Kandy,2007-02-01,2.31,23.29,0.4
Kandy,2007-03-01,0.83,25.0,-0.19
Kandy,2007-04-01,8.09,26.1,-0.32
Kandy,2007-05-01,1.18,26.34,-0.41
Kandy,2007-06-01,3.28,25.73,-0.83
Kandy,2007-07-01,2.54,25.29,-0.76
Kandy,2007-08-01,1.76,25.56,-0.91
Kandy,2007-09-01,3.42,25.35,-1.06
Kandy,2007-10-01,7.51,24.57,-1.13
Kandy,2007-11-01,5.46,23.66,-1.12
Kandy,2007-12-01,7.76,22.93,-1.19
Kandy,2008-01-01,3.82,22.85,-1.07
Kandy,2008-02-01,3.92,23.68,-1.27
Kandy,2008-03-01,10.52,24.42,-1.52
Kandy,2008-04-01,7.18,25.23,-1.1
Kandy,2008-05-01,0.84,25.32,-0.99
Kandy,2008-06-01,2.54,24.89,-0.79
Kandy,2008-07-01,2.9,24.87,-0.78
Kandy,2008-08-01,1.6,25.18,-1.01
Kandy,2008-09-01,1.2,25.64,-1.02
Kandy,2008-10-01,6.02,25.79,-1.09
Kandy,2008-11-01,5.72,24.52,-0.98
Kandy,2008-12-01,3.66,23.08,-1.01
Kandy,2009-01-01,2.14,22.71,-1.01
Kandy,2009-02-01,0.04,24.68,-0.85
Kandy,2009-03-01,6.39,26.14,-0.95
Kandy,2009-04-01,6.21,26.1,-0.81
Kandy,2009-05-01,2.43,26.19,-0.72
Kandy,2009-06-01,1.76,25.67,-0.05
Kandy,2009-07-01,1.13,25.55,0.56
Kandy,2009-08-01,3.47,25.66,0.56
Kandy,2009-09-01,2.26,25.78,0.42
Kandy,2009-10-01,4.67,26.0,0.56
Kandy,2009-11-01,12.48,24.26,1.04
Kandy,2009-12-01,7.23,23.82,0.95
Kandy,2010-01-01,3.23,22.83,0.93
Kandy,2010-02-01,1.61,23.5,1.28
Kandy,2010-03-01,2.83,26.05,1.33
Kandy,2010-04-01,7.87,26.83,0.49
Kandy,2010-05-01,5.7,26.07,-0.12
Kandy,2010-06-01,3.78,25.35,-1.29
Kandy,2010-07-01,3.88,24.86,-2.42
Kandy,2010-08-01,4.28,24.82,-2.38
Kandy,2010-09-01,5.74,24.7,-2.26
Kandy,2010-10-01,6.31,24.29,-2.16
Kandy,2010-11-01,16.69,23.84,-2.01
Kandy,2010-12-01,14.37,22.94,-1.85
Kandy,2011-01-01,16.37,22.59,-1.77
Kandy,2011-02-01,13.2,23.25,-1.59
Kandy,2011-03-01,3.92,24.36,-1.75
Kandy,2011-04-01,9.75,25.01,-1.69
Kandy,2011-05-01,3.53,25.54,-1.24
Kandy,2011-06-01,1.34,25.11,-1.03
Kandy,2011-07-01,1.56,24.76,-0.75
Kandy,2011-08-01,2.07,25.22,-0.81
Kandy,2011-09-01,3.22,25.37,-1.08
Kandy,2011-10-01,9.95,25.29,-1.3
Kandy,2011-11-01,8.39,24.08,-1.14
Kandy,2011-12-01,6.23,23.37,-1.18
Kandy,2012-01-01,1.65,22.53,-1.07
Kandy,2012-02-01,4.68,23.47,-0.68
Kandy,2012-03-01,2.41,25.46,-0.59
Kandy,2012-04-01,7.51,25.76,-0.38
Kandy,2012-05-01,0.56,26.1,-0.32
Kandy,2012-06-01,1.79,25.94,-0.28
Kandy,2012-07-01,2.08,25.85,0.34
Kandy,2012-08-01,1.98,25.84,-0.02
Kandy,2012-09-01,2.55,25.79,-0.29
Kandy,2012-10-01,13.16,25.31,-0.19
Kandy,2012-11-01,9.29,24.31,-0.03
Kandy,2012-12-01,15.36,23.44,-0.03
Kandy,2013-01-01,9.65,22.58,-0.06
Kandy,2013-02-01,6.39,23.39,-0.08
Kandy,2013-03-01,4.74,24.97,-0.13
Kandy,2013-04-01,4.86,26.18,-0.35
Kandy,2013-05-01,4.64,25.75,-0.68
Kandy,2013-06-01,4.56,24.8,-1.14
Kandy,2013-07-01,2.73,24.46,-0.79
Kandy,2013-08-01,2.28,24.92,-0.45
Kandy,2013-09-01,3.82,24.89,-0.33
Kandy,2013-10-01,4.6,25.19,-0.13
Kandy,2013-11-01,6.16,24.38,-0.16
Kandy,2013-12-01,4.3,23.09,-0.33
Kandy,2014-01-01,3.74,22.97,-0.5
Kandy,2014-02-01,1.25,24.33,-0.42
Kandy,2014-03-01,1.15,26.23,-0.05
Kandy,2014-04-01,6.3,27.68,-0.17
Kandy,2014-05-01,5.14,26.03,-0.17
Kandy,2014-06-01,1.67,26.06,0.0
Kandy,2014-07-01,0.99,25.9,0.41
Kandy,2014-08-01,3.41,25.38,0.23
Kandy,2014-09-01,4.76,25.75,-0.1
Kandy,2014-10-01,12.42,24.86,0.11
Kandy,2014-11-01,10.61,23.91,0.37
Kandy,2014-12-01,22.37,23.67,0.35
Kandy,2015-01-01,0.44,22.67,0.23
Kandy,2015-02-01,5.25,23.26,0.06
Kandy,2015-03-01,2.73,24.53,0.15
Kandy,2015-04-01,7.15,25.93,0.31
Kandy,2015-05-01,4.36,25.79,0.95
Kandy,2015-06-01,2.61,25.6,1.9
Kandy,2015-07-01,1.11,25.75,1.79
Kandy,2015-08-01,2.41,26.15,1.95
Kandy,2015-09-01,5.15,25.69,2.24
Kandy,2015-10-01,12.25,25.0,2.15
Kandy,2015-11-01,14.58,24.33,1.93
Kandy,2015-12-01,9.07,24.17,1.93
Kandy,2016-01-01,2.59,23.15,1.93
Kandy,2016-02-01,1.81,23.95,1.8
Kandy,2016-03-01,2.4,26.31,1.32
Kandy,2016-04-01,2.79,28.22,1.32
Kandy,2016-05-01,13.45,26.8,1.24
Kandy,2016-06-01,1.79,25.45,0.35
Kandy,2016-07-01,1.4,25.37,-0.54
Kandy,2016-08-01,0.32,25.93,-0.26
Kandy,2016-09-01,0.21,26.15,-0.29
Kandy,2016-10-01,2.38,26.44,-0.53
Kandy,2016-11-01,7.83,24.42,-0.47
Kandy,2016-12-01,2.31,23.86,-0.37
Kandy,2017-01-01,1.47,23.61,-0.42
Kandy,2017-02-01,2.2,24.76,-0.41
Kandy,2017-03-01,7.12,25.54,-0.58
Kandy,2017-04-01,1.81,27.37,-0.19
Kandy,2017-05-01,4.2,27.28,0.2
Kandy,2017-06-01,1.55,26.14,-0.23
Kandy,2017-07-01,1.16,26.33,-0.63
Kandy,2017-08-01,3.68,26.0,-0.72
Kandy,2017-09-01,2.79,25.83,-0.73
Kandy,2017-10-01,6.58,25.75,-0.59
Kandy,2017-11-01,7.38,24.4,-0.62
Kandy,2017-12-01,5.36,23.58,-0.74
Kandy,2018-01-01,1.17,22.72,-0.79
Kandy,2018-02-01,2.78,24.27,-0.71
Kandy,2018-03-01,3.04,25.87,-0.8
Kandy,2018-04-01,5.02,27.13,-1.32
Kandy,2018-05-01,10.95,25.87,-0.94
Kandy,2018-06-01,2.75,25.29,-0.51
Kandy,2018-07-01,1.25,25.21,-0.05
Kandy,2018-08-01,1.8,25.17,0.47
Kandy,2018-09-01,2.83,26.07,0.62
Kandy,2018-10-01,6.34,24.98,0.52
Kandy,2018-11-01,9.47,24.23,0.33
Kandy,2018-12-01,4.11,23.33,0.18
Kandy,2019-01-01,1.3,22.72,0.09
Kandy,2019-02-01,3.7,24.79,0.5
Kandy,2019-03-01,0.53,26.87,0.76
Kandy,2019-04-01,3.0,28.96,0.3
Kandy,2019-05-01,0.58,28.34,0.23
Kandy,2019-06-01,1.46,27.49,0.35
Kandy,2019-07-01,1.77,26.77,0.3
Kandy,2019-08-01,4.07,25.89,0.32
Kandy,2019-09-01,6.33,25.59,0.16
Kandy,2019-10-01,13.1,24.74,0.31
Kandy,2019-11-01,10.47,24.75,0.47
Kandy,2019-12-01,10.61,23.89,0.36
Kandy,2020-01-01,1.65,23.26,0.24
Kandy,2020-02-01,0.81,23.7,0.26
Kandy,2020-03-01,0.86,26.57,0.13
Kandy,2020-04-01,3.85,28.18,-0.15
Kandy,2020-05-01,7.16,26.82,-0.23
Kandy,2020-06-01,3.42,25.92,-0.68
Kandy,2020-07-01,3.2,25.22,-0.94
Kandy,2020-08-01,2.71,25.66,-0.96
Kandy,2020-09-01,5.43,25.09,-1.15
Kandy,2020-10-01,2.26,25.64,-1.17
Kandy,2020-11-01,9.34,24.91,-1.13
Kandy,2020-12-01,10.32,23.86,-1.14
Kandy,2021-01-01,7.86,23.37,-1.2
Kandy,2021-02-01,2.16,23.42,-0.96
Kandy,2021-03-01,3.44,24.54,-0.79
Kandy,2021-04-01,4.76,26.14,-0.95
Kandy,2021-05-01,8.6,25.93,-1.07
Kandy,2021-06-01,4.19,25.3,-1.05
Kandy,2021-07-01,4.93,25.14,-1.44
Kandy,2021-08-01,3.41,24.94,-1.29
Kandy,2021-09-01,4.34,25.43,-1.37
Kandy,2021-10-01,10.58,25.01,-1.46
Kandy,2021-11-01,15.64,24.21,-1.39
Kandy,2021-12-01,4.62,23.6,-1.2
Kandy,2022-01-01,3.73,23.51,-1.01
Kandy,2022-02-01,7.96,23.3,-0.98
Kandy,2022-03-01,2.14,25.12,-1.31
Kandy,2022-04-01,9.72,25.89,-1.6
Kandy,2022-05-01,4.24,25.81,-1.63
Kandy,2022-06-01,1.42,25.26,-1.9
Kandy,2022-07-01,3.63,25.26,-2.17
Kandy,2022-08-01,6.12,24.94,-1.75
Kandy,2022-09-01,2.67,25.13,-1.73
Kandy,2022-10-01,7.6,24.81,-1.72
Kandy,2022-11-01,9.44,23.69,-1.53
Kandy,2022-12-01,9.36,23.36,-1.27
Kandy,2023-01-01,3.5,22.17,-1.11
Kandy,2023-02-01,4.54,22.83,-0.91
Kandy,2023-03-01,3.53,25.06,-0.76
Kandy,2023-04-01,5.32,26.35,-0.36
Kandy,2023-05-01,4.96,25.96,-0.06
Kandy,2023-06-01,1.98,26.14,0.43
Kandy,2023-07-01,1.52,26.08,0.51
Kandy,2023-08-01,1.34,27.09,0.51
Kandy,2023-09-01,7.28,25.89,0.69
Kandy,2023-10-01,13.56,25.1,0.48
Kandy,2023-11-01,15.67,24.96,0.91
Kandy,2023-12-01,15.08,24.65,1.13
Kandy,2024-01-01,9.53,23.55,0.7
Kandy,2024-02-01,0.92,24.43,0.68
Kandy,2024-03-01,1.08,25.31,0.78
Kandy,2024-04-01,2.84,28.58,0.34
Kandy,2024-05-01,6.58,27.58,0.12
Kandy,2024-06-01,2.03,26.52,-0.24
Kandy,2024-07-01,1.62,26.39,-0.72
Kandy,2024-08-01,4.52,26.08,-0.73
Kandy,2024-09-01,1.48,26.62,-0.65
Kandy,2024-10-01,4.0,25.89,-0.51
Kandy,2024-11-01,12.08,24.94,-0.68
Kandy,2024-12-01,4.71,24.38,-0.91
Kandy,2025-01-01,9.26,23.33,-1.0
Kandy,2025-02-01,2.22,23.25,-0.83
Kandy,2025-03-01,6.55,24.97,-0.68
Kandy,2025-04-01,9.45,25.91,-0.38
Kandy,2025-05-01,6.35,25.88,-0.36
Kandy,2025-06-01,2.79,25.53,-1.17
Kandy,2025-07-01,1.54,25.29,-1.22
Kandy,2025-08-01,1.96,25.24,-0.87
Kandy,2025-09-01,5.22,25.64,-1.12
Kandy,2025-10-01,11.54,25.11,-1.19
Kandy,2025-11-01,24.89,24.19,-1.06
Kandy,2025-12-01,5.34,23.26,-0.77
Jaffna,2000-01-01,0.97,25.88,-1.25
Jaffna,2000-02-01,1.88,27.26,-1.26
Jaffna,2000-03-01,0.1,28.43,-1.37
Jaffna,2000-04-01,1.16,29.77,-0.9
Jaffna,2000-05-01,1.91,29.87,-0.94
Jaffna,2000-06-01,0.51,28.55,-1.18
Jaffna,2000-07-01,3.94,28.73,-0.61
Jaffna,2000-08-01,0.88,27.7,-0.08
Jaffna,2000-09-01,3.96,27.89,-0.36
Jaffna,2000-10-01,3.33,27.66,-0.52
Jaffna,2000-11-01,7.58,27.61,-0.86
Jaffna,2000-12-01,2.63,25.98,-0.79
Jaffna,2001-01-01,1.61,25.63,-0.84
Jaffna,2001-02-01,2.31,26.27,-0.86
Jaffna,2001-03-01,0.01,28.57,-0.78
Jaffna,2001-04-01,5.32,29.14,-0.55
Jaffna,2001-05-01,1.05,29.6,-0.52
Jaffna,2001-06-01,2.13,28.53,-0.73
Jaffna,2001-07-01,1.52,28.28,0.03
Jaffna,2001-08-01,0.5,28.2,0.38
Jaffna,2001-09-01,1.48,28.23,-0.06
Jaffna,2001-10-01,4.85,27.88,-0.23
Jaffna,2001-11-01,8.72,27.34,-0.28
Jaffna,2001-12-01,7.05,26.29,0.06
Jaffna,2002-01-01,0.77,26.0,0.09
Jaffna,2002-02-01,2.79,26.57,-0.26
Jaffna,2002-03-01,0.21,28.14,-0.2
Jaffna,2002-04-01,3.84,29.61,-0.36
Jaffna,2002-05-01,1.95,29.46,-0.14
Jaffna,2002-06-01,1.15,28.87,0.34
Jaffna,2002-07-01,0.15,29.08,0.43
Jaffna,2002-08-01,0.37,28.54,1.01
Jaffna,2002-09-01,0.49,28.89,0.88
Jaffna,2002-10-01,9.69,27.9,0.84
Jaffna,2002-11-01,3.65,26.8,0.84
Jaffna,2002-12-01,3.66,26.09,0.91
Jaffna,2003-01-01,1.72,25.8,0.82
Jaffna,2003-02-01,1.51,27.01,0.63
Jaffna,2003-03-01,0.59,28.25,0.53
Jaffna,2003-04-01,2.64,30.12,-0.11
Jaffna,2003-05-01,4.03,29.33,-0.61
Jaffna,2003-06-01,0.46,28.82,-0.1
Jaffna,2003-07-01,0.96,28.66,0.01
Jaffna,2003-08-01,1.63,28.43,0.05
Jaffna,2003-09-01,1.52,28.58,0.18
Jaffna,2003-10-01,4.67,28.15,0.28
Jaffna,2003-11-01,11.1,27.27,0.3
Jaffna,2003-12-01,0.83,26.49,0.14
Jaffna,2004-01-01,0.13,26.25,0.19
Jaffna,2004-02-01,0.23,26.55,-0.04
Jaffna,2004-03-01,0.48,28.66,-0.43
Jaffna,2004-04-01,1.55,30.06,-0.23
Jaffna,2004-05-01,5.57,28.97,-0.46
Jaffna,2004-06-01,0.39,28.56,-0.38
Jaffna,2004-07-01,1.02,28.24,0.46
Jaffna,2004-08-01,0.77,28.56,0.76
Jaffna,2004-09-01,4.3,27.9,0.58
Jaffna,2004-10-01,8.62,27.71,0.4
Jaffna,2004-11-01,9.61,27.1,0.56
Jaffna,2004-12-01,6.08,25.99,0.48
Jaffna,2005-01-01,2.48,26.07,0.09
Jaffna,2005-02-01,0.1,26.78,0.61
Jaffna,2005-03-01,1.49,28.53,0.83
Jaffna,2005-04-01,6.42,28.99,0.14
Jaffna,2005-05-01,1.91,29.52,0.19
Jaffna,2005-06-01,0.31,29.02,0.21
Jaffna,2005-07-01,0.53,28.3,-0.0
Jaffna,2005-08-01,1.03,28.75,0.02
Jaffna,2005-09-01,0.96,28.3,-0.02
Jaffna,2005-10-01,6.17,28.19,-0.66
Jaffna,2005-11-01,15.93,26.46,-0.7
Jaffna,2005-12-01,3.51,26.03,-0.7
Jaffna,2006-01-01,1.81,25.4,-0.64
Jaffna,2006-02-01,0.27,26.27,-0.49
Jaffna,2006-03-01,2.75,28.16,-0.62
Jaffna,2006-04-01,1.5,29.62,-0.84
Jaffna,2006-05-01,1.15,29.2,-0.42
Jaffna,2006-06-01,0.32,29.02,-0.17
Jaffna,2006-07-01,0.23,28.67,0.22
Jaffna,2006-08-01,2.5,28.24,0.59
Jaffna,2006-09-01,2.5,27.85,0.65
Jaffna,2006-10-01,9.33,27.86,0.77
Jaffna,2006-11-01,8.58,26.94,1.0
Jaffna,2006-12-01,1.78,26.5,0.64
Jaffna,2007-01-01,0.78,25.9,0.64
Jaffna,2007-02-01,1.21,26.67,0.4
Jaffna,2007-03-01,0.12,28.09,-0.19
Jaffna,2007-04-01,1.97,29.35,-0.32
Jaffna,2007-05-01,0.43,29.83,-0.41
Jaffna,2007-06-01,1.46,29.07,-0.83
Jaffna,2007-07-01,0.71,28.37,-0.76
Jaffna,2007-08-01,1.72,28.05,-0.91
Jaffna,2007-09-01,2.38,28.3,-1.06
Jaffna,2007-10-01,9.32,27.64,-1.13
Jaffna,2007-11-01,4.58,26.91,-1.12
Jaffna,2007-12-01,7.52,26.05,-1.19
Jaffna,2008-01-01,0.37,25.66,-1.07
Jaffna,2008-02-01,1.75,26.84,-1.27
Jaffna,2008-03-01,6.08,27.28,-1.52
Jaffna,2008-04-01,2.89,28.6,-1.1
Jaffna,2008-05-01,0.56,28.95,-0.99
Jaffna,2008-06-01,0.42,28.92,-0.79
Jaffna,2008-07-01,0.89,28.58,-0.78
Jaffna,2008-08-01,1.73,28.13,-1.01
Jaffna,2008-09-01,0.4,28.65,-1.02
Jaffna,2008-10-01,5.3,28.4,-1.09
Jaffna,2008-11-01,8.26,27.62,-0.98
Jaffna,2008-12-01,4.43,26.35,-1.01
Jaffna,2009-01-01,0.57,25.95,-1.01
Jaffna,2009-02-01,0.0,26.48,-0.85
Jaffna,2009-03-01,2.7,28.18,-0.95
Jaffna,2009-04-01,2.16,29.59,-0.81
Jaffna,2009-05-01,0.71,29.46,-0.72
Jaffna,2009-06-01,0.24,28.84,-0.05
Jaffna,2009-07-01,0.31,28.6,0.56
Jaffna,2009-08-01,1.88,28.54,0.56
Jaffna,2009-09-01,0.77,28.56,0.42
Jaffna,2009-10-01,3.0,28.61,0.56
Jaffna,2009-11-01,13.19,27.44,1.04
Jaffna,2009-12-01,9.56,26.56,0.95
Jaffna,2010-01-01,1.42,25.99,0.93
Jaffna,2010-02-01,0.06,26.48,1.28
Jaffna,2010-03-01,0.31,28.86,1.33
Jaffna,2010-04-01,2.11,30.4,0.49
Jaffna,2010-05-01,2.28,30.22,-0.12
Jaffna,2010-06-01,1.0,29.27,-1.29
Jaffna,2010-07-01,0.88,28.98,-2.42
Jaffna,2010-08-01,3.39,28.61,-2.38
Jaffna,2010-09-01,5.13,28.03,-2.26
Jaffna,2010-10-01,4.82,27.81,-2.16
Jaffna,2010-11-01,15.04,27.09,-2.01
Jaffna,2010-12-01,11.36,26.05,-1.85
Jaffna,2011-01-01,4.08,25.58,-1.77
Jaffna,2011-02-01,2.4,26.16,-1.59
Jaffna,2011-03-01,0.21,27.79,-1.75
Jaffna,2011-04-01,6.12,28.83,-1.69
Jaffna,2011-05-01,0.48,29.15,-1.24
Jaffna,2011-06-01,0.23,29.26,-1.03
Jaffna,2011-07-01,0.49,29.11,-0.75
Jaffna,2011-08-01,1.52,28.58,-0.81
Jaffna,2011-09-01,0.95,28.75,-1.08
Jaffna,2011-10-01,8.11,28.23,-1.3
Jaffna,2011-11-01,14.19,27.31,-1.14
Jaffna,2011-12-01,6.94,26.46,-1.18
Jaffna,2012-01-01,0.85,25.64,-1.07
Jaffna,2012-02-01,0.31,26.64,-0.68
Jaffna,2012-03-01,0.5,28.7,-0.59
Jaffna,2012-04-01,2.1,29.63,-0.38
Jaffna,2012-05-01,0.29,29.48,-0.32
Jaffna,2012-06-01,0.32,29.21,-0.28
Jaffna,2012-07-01,0.46,29.24,0.34
Jaffna,2012-08-01,0.56,28.74,-0.02
Jaffna,2012-09-01,3.05,28.83,-0.29
Jaffna,2012-10-01,13.15,27.84,-0.19
Jaffna,2012-11-01,3.71,27.25,-0.03
Jaffna,2012-12-01,9.65,26.61,-0.03
Jaffna,2013-01-01,3.55,26.14,-0.06
Jaffna,2013-02-01,4.6,26.67,-0.08
Jaffna,2013-03-01,3.67,27.8,-0.13
Jaffna,2013-04-01,1.29,29.7,-0.35
Jaffna,2013-05-01,2.21,29.48,-0.68
Jaffna,2013-06-01,0.43,29.02,-1.14
Jaffna,2013-07-01,0.4,28.69,-0.79
Jaffna,2013-08-01,1.77,28.58,-0.45
Jaffna,2013-09-01,3.59,28.17,-0.33
Jaffna,2013-10-01,3.04,28.14,-0.13
Jaffna,2013-11-01,5.86,27.48,-0.16
Jaffna,2013-12-01,4.77,26.12,-0.33
Jaffna,2014-01-01,3.11,25.73,-0.5
Jaffna,2014-02-01,0.57,26.51,-0.42
Jaffna,2014-03-01,0.07,28.31,-0.05
Jaffna,2014-04-01,1.04,30.14,-0.17
Jaffna,2014-05-01,4.21,29.44,-0.17
Jaffna,2014-06-01,0.32,29.7,0.0
Jaffna,2014-07-01,0.25,29.53,0.41
Jaffna,2014-08-01,2.63,28.56,0.23
Jaffna,2014-09-01,2.69,28.6,-0.1
Jaffna,2014-10-01,8.29,28.06,0.11
Jaffna,2014-11-01,13.16,27.22,0.37
Jaffna,2014-12-01,9.37,26.12,0.35
Jaffna,2015-01-01,0.09,25.74,0.23
Jaffna,2015-02-01,1.84,26.32,0.06
Jaffna,2015-03-01,1.33,28.03,0.15
Jaffna,2015-04-01,4.52,29.21,0.31
Jaffna,2015-05-01,6.4,29.2,0.95
Jaffna,2015-06-01,0.89,29.06,1.9
Jaffna,2015-07-01,0.37,29.03,1.79
Jaffna,2015-08-01,1.71,28.98,1.95
Jaffna,2015-09-01,3.29,28.56,2.24
Jaffna,2015-10-01,7.48,28.36,2.15
Jaffna,2015-11-01,17.78,27.3,1.93
Jaffna,2015-12-01,8.83,27.03,1.93
Jaffna,2016-01-01,0.97,26.34,1.93
Jaffna,2016-02-01,0.28,27.28,1.8
Jaffna,2016-03-01,0.3,28.98,1.32
Jaffna,2016-04-01,0.41,31.13,1.32
Jaffna,2016-05-01,8.99,30.22,1.24
Jaffna,2016-06-01,0.7,29.23,0.35
Jaffna,2016-07-01,0.77,28.84,-0.54
Jaffna,2016-08-01,1.21,29.22,-0.26
Jaffna,2016-09-01,0.49,28.97,-0.29
Jaffna,2016-10-01,2.15,28.72,-0.53
Jaffna,2016-11-01,6.35,27.44,-0.47
Jaffna,2016-12-01,3.55,26.31,-0.37
Jaffna,2017-01-01,3.32,25.82,-0.42
Jaffna,2017-02-01,0.67,26.22,-0.41
Jaffna,2017-03-01,2.69,28.15,-0.58
Jaffna,2017-04-01,0.44,30.11,-0.19
Jaffna,2017-05-01,1.63,30.11,0.2
Jaffna,2017-06-01,0.74,29.47,-0.23
Jaffna,2017-07-01,0.67,29.68,-0.63
Jaffna,2017-08-01,2.8,28.98,-0.72
Jaffna,2017-09-01,2.62,28.43,-0.73
Jaffna,2017-10-01,3.96,28.59,-0.59
Jaffna,2017-11-01,9.55,27.34,-0.62
Jaffna,2017-12-01,2.88,26.63,-0.74
Jaffna,2018-01-01,0.77,25.71,-0.79
Jaffna,2018-02-01,0.54,26.33,-0.71
Jaffna,2018-03-01,1.28,28.26,-0.8
Jaffna,2018-04-01,1.36,29.87,-1.32
Jaffna,2018-05-01,4.22,29.45,-0.94
Jaffna,2018-06-01,0.79,28.97,-0.51
Jaffna,2018-07-01,0.52,29.05,-0.05
Jaffna,2018-08-01,0.69,28.68,0.47
Jaffna,2018-09-01,1.38,28.58,0.62
Jaffna,2018-10-01,6.93,28.13,0.52
Jaffna,2018-11-01,8.96,27.28,0.33
Jaffna,2018-12-01,2.85,26.59,0.18
Jaffna,2019-01-01,0.04,25.7,0.09
Jaffna,2019-02-01,1.22,27.4,0.5
Jaffna,2019-03-01,0.07,29.08,0.76
Jaffna,2019-04-01,0.97,30.81,0.3
Jaffna,2019-05-01,0.18,30.28,0.23
Jaffna,2019-06-01,0.51,29.96,0.35
Jaffna,2019-07-01,1.36,29.22,0.3
Jaffna,2019-08-01,2.53,28.74,0.32
Jaffna,2019-09-01,5.35,28.39,0.16
Jaffna,2019-10-01,14.0,27.99,0.31
Jaffna,2019-11-01,8.11,28.02,0.47
Jaffna,2019-12-01,7.7,27.06,0.36
Jaffna,2020-01-01,0.59,26.77,0.24
Jaffna,2020-02-01,0.45,27.19,0.26
Jaffna,2020-03-01,0.12,28.57,0.13
Jaffna,2020-04-01,1.44,30.35,-0.15
Jaffna,2020-05-01,2.37,30.44,-0.23
Jaffna,2020-06-01,1.02,29.66,-0.68
Jaffna,2020-07-01,3.13,28.75,-0.94
Jaffna,2020-08-01,1.41,28.74,-0.96
Jaffna,2020-09-01,5.23,28.33,-1.15
Jaffna,2020-10-01,2.82,28.42,-1.17
Jaffna,2020-11-01,9.28,27.94,-1.13
Jaffna,2020-12-01,17.98,26.48,-1.14
Jaffna,2021-01-01,9.76,26.39,-1.2
Jaffna,2021-02-01,0.74,26.23,-0.96
Jaffna,2021-03-01,0.57,28.05,-0.79
Jaffna,2021-04-01,2.34,29.48,-0.95
Jaffna,2021-05-01,2.65,29.6,-1.07
Jaffna,2021-06-01,1.49,29.22,-1.05
Jaffna,2021-07-01,1.78,29.17,-1.44
Jaffna,2021-08-01,1.85,28.74,-1.29
Jaffna,2021-09-01,3.15,28.71,-1.37
Jaffna,2021-10-01,10.75,28.16,-1.46
Jaffna,2021-11-01,20.9,27.19,-1.39
Jaffna,2021-12-01,4.02,26.99,-1.2
Jaffna,2022-01-01,3.24,26.61,-1.01
Jaffna,2022-02-01,2.35,26.51,-0.98
Jaffna,2022-03-01,0.65,28.35,-1.31
Jaffna,2022-04-01,6.08,29.22,-1.6
Jaffna,2022-05-01,0.97,29.41,-1.63
Jaffna,2022-06-01,1.28,28.74,-1.9
Jaffna,2022-07-01,6.63,28.82,-2.17
Jaffna,2022-08-01,3.01,28.27,-1.75
Jaffna,2022-09-01,1.28,28.27,-1.73
Jaffna,2022-10-01,9.37,28.15,-1.72
Jaffna,2022-11-01,8.75,26.85,-1.53
Jaffna,2022-12-01,8.26,26.51,-1.27
Jaffna,2023-01-01,1.43,25.7,-1.11
Jaffna,2023-02-01,4.58,26.14,-0.91
Jaffna,2023-03-01,1.15,28.16,-0.76
Jaffna,2023-04-01,1.6,29.95,-0.36
Jaffna,2023-05-01,5.76,29.26,-0.06
Jaffna,2023-06-01,0.72,29.63,0.43
Jaffna,2023-07-01,0.73,29.31,0.51
Jaffna,2023-08-01,1.04,29.33,0.51
Jaffna,2023-09-01,2.48,28.86,0.69
Jaffna,2023-10-01,5.69,28.36,0.48
Jaffna,2023-11-01,14.72,27.8,0.91
Jaffna,2023-12-01,12.01,27.25,1.13
Jaffna,2024-01-01,3.13,26.59,0.7
Jaffna,2024-02-01,0.1,27.46,0.68
Jaffna,2024-03-01,0.54,28.56,0.78
Jaffna,2024-04-01,0.68,30.92,0.34
Jaffna,2024-05-01,3.95,30.45,0.12
Jaffna,2024-06-01,1.45,29.42,-0.24
Jaffna,2024-07-01,0.55,29.65,-0.72
Jaffna,2024-08-01,2.7,29.12,-0.73
Jaffna,2024-09-01,0.91,29.54,-0.65
Jaffna,2024-10-01,6.02,28.54,-0.51
Jaffna,2024-11-01,12.73,27.94,-0.68
Jaffna,2024-12-01,4.72,27.06,-0.91
Jaffna,2025-01-01,3.44,26.16,-1.0
Jaffna,2025-02-01,1.94,26.81,-0.83
Jaffna,2025-03-01,1.78,28.5,-0.68
Jaffna,2025-04-01,2.49,29.78,-0.38
Jaffna,2025-05-01,3.66,30.11,-0.36
Jaffna,2025-06-01,0.94,29.56,-1.17
Jaffna,2025-07-01,0.36,29.59,-1.22
Jaffna,2025-08-01,1.36,28.81,-0.87
Jaffna,2025-09-01,2.52,28.98,-1.12
Jaffna,2025-10-01,11.16,28.43,-1.19
Jaffna,2025-11-01,18.54,27.58,-1.06
Jaffna,2025-12-01,4.58,26.22,-0.77
Anuradhapura,2000-01-01,1.09,24.9,-1.25
Anuradhapura,2000-02-01,2.32,26.64,-1.26
Anuradhapura,2000-03-01,0.24,28.34,-1.37
Anuradhapura,2000-04-01,1.87,29.53,-0.9
Anuradhapura,2000-05-01,1.52,29.71,-0.94
Anuradhapura,2000-06-01,1.1,27.7,-1.18
Anuradhapura,2000-07-01,3.23,28.31,-0.61
Anuradhapura,2000-08-01,1.14,26.96,-0.08
Anuradhapura,2000-09-01,2.77,27.5,-0.36
Anuradhapura,2000-10-01,2.02,26.88,-0.52
Anuradhapura,2000-11-01,10.97,26.17,-0.86
Anuradhapura,2000-12-01,4.66,24.41,-0.79
Anuradhapura,2001-01-01,2.82,24.13,-0.84
Anuradhapura,2001-02-01,1.57,24.29,-0.86
Anuradhapura,2001-03-01,0.01,28.46,-0.78
Anuradhapura,2001-04-01,5.81,28.08,-0.55
Anuradhapura,2001-05-01,0.5,28.24,-0.52
Anuradhapura,2001-06-01,4.53,26.9,-0.73
Anuradhapura,2001-07-01,3.09,27.2,0.03
Anuradhapura,2001-08-01,0.33,27.44,0.38
Anuradhapura,2001-09-01,1.48,27.63,-0.06
Anuradhapura,2001-10-01,4.2,27.07,-0.23
Anuradhapura,2001-11-01,6.68,25.67,-0.28
Anuradhapura,2001-12-01,6.6,24.54,0.06
Anuradhapura,2002-01-01,1.73,24.34,0.09
Anuradhapura,2002-02-01,2.49,25.29,-0.26
Anuradhapura,2002-03-01,1.09,27.95,-0.2
Anuradhapura,2002-04-01,3.73,28.69,-0.36
Anuradhapura,2002-05-01,1.57,28.45,-0.14
Anuradhapura,2002-06-01,1.06,28.26,0.34
Anuradhapura,2002-07-01,0.12,28.99,0.43
Anuradhapura,2002-08-01,0.81,28.22,1.01
Anuradhapura,2002-09-01,0.76,29.5,0.88
Anuradhapura,2002-10-01,8.38,26.57,0.84
Anuradhapura,2002-11-01,6.72,25.32,0.84
Anuradhapura,2002-12-01,8.2,24.56,0.91
Anuradhapura,2003-01-01,3.14,24.01,0.82
Anuradhapura,2003-02-01,2.18,25.03,0.63
Anuradhapura,2003-03-01,1.93,26.71,0.53
Anuradhapura,2003-04-01,2.07,29.29,-0.11
Anuradhapura,2003-05-01,3.05,28.53,-0.61
Anuradhapura,2003-06-01,0.59,28.19,-0.1
Anuradhapura,2003-07-01,0.83,27.99,0.01
Anuradhapura,2003-08-01,1.15,27.98,0.05
Anuradhapura,2003-09-01,1.49,28.67,0.18
Anuradhapura,2003-10-01,2.75,27.62,0.28
Anuradhapura,2003-11-01,10.06,25.96,0.3
Anuradhapura,2003-12-01,1.67,24.89,0.14
Anuradhapura,2004-01-01,0.8,25.52,0.19
Anuradhapura,2004-02-01,0.86,26.38,-0.04
Anuradhapura,2004-03-01,1.44,28.66,-0.43
Anuradhapura,2004-04-01,2.67,29.81,-0.23
Anuradhapura,2004-05-01,3.92,28.01,-0.46
Anuradhapura,2004-06-01,0.6,28.01,-0.38
Anuradhapura,2004-07-01,1.05,27.91,0.46
Anuradhapura,2004-08-01,1.09,28.43,0.76
Anuradhapura,2004-09-01,3.38,27.5,0.58
Anuradhapura,2004-10-01,7.8,26.72,0.4
Anuradhapura,2004-11-01,7.46,25.56,0.56
Anuradhapura,2004-12-01,8.88,24.29,0.48
Anuradhapura,2005-01-01,4.24,24.24,0.09
Anuradhapura,2005-02-01,0.34,24.61,0.61
Anuradhapura,2005-03-01,1.49,27.16,0.83
Anuradhapura,2005-04-01,5.06,27.5,0.14
Anuradhapura,2005-05-01,1.2,28.62,0.19
Anuradhapura,2005-06-01,0.33,28.41,0.21
Anuradhapura,2005-07-01,0.79,27.94,-0.0
Anuradhapura,2005-08-01,1.2,28.69,0.02
Anuradhapura,2005-09-01,0.39,28.47,-0.02
Anuradhapura,2005-10-01,5.96,27.12,-0.66
Anuradhapura,2005-11-01,11.58,25.01,-0.7
Anuradhapura,2005-12-01,3.18,24.33,-0.7
Anuradhapura,2006-01-01,4.23,23.57,-0.64
Anuradhapura,2006-02-01,1.08,24.75,-0.49
Anuradhapura,2006-03-01,3.87,26.57,-0.62
Anuradhapura,2006-04-01,2.62,28.53,-0.84
Anuradhapura,2006-05-01,1.79,27.99,-0.42
Anuradhapura,2006-06-01,0.21,28.43,-0.17
Anuradhapura,2006-07-01,0.46,28.39,0.22
Anuradhapura,2006-08-01,1.85,28.22,0.59
Anuradhapura,2006-09-01,2.37,27.31,0.65
Anuradhapura,2006-10-01,9.65,26.73,0.77
Anuradhapura,2006-11-01,9.2,25.4,1.0
Anuradhapura,2006-12-01,3.71,24.34,0.64
Anuradhapura,2007-01-01,1.92,23.89,0.64
Anuradhapura,2007-02-01,1.63,25.46,0.4
Anuradhapura,2007-03-01,0.29,27.29,-0.19
Anuradhapura,2007-04-01,4.65,28.26,-0.32
Anuradhapura,2007-05-01,0.46,28.91,-0.41
Anuradhapura,2007-06-01,1.37,28.17,-0.83
Anuradhapura,2007-07-01,0.75,27.9,-0.76
Anuradhapura,2007-08-01,1.02,28.03,-0.91
Anuradhapura,2007-09-01,2.39,27.71,-1.06
Anuradhapura,2007-10-01,10.16,26.25,-1.13
Anuradhapura,2007-11-01,5.0,24.95,-1.12
Anuradhapura,2007-12-01,7.4,24.21,-1.19
Anuradhapura,2008-01-01,1.31,24.03,-1.07
Anuradhapura,2008-02-01,3.66,24.83,-1.27
Anuradhapura,2008-03-01,8.36,25.63,-1.52
Anuradhapura,2008-04-01,4.35,26.41,-1.1
Anuradhapura,2008-05-01,0.06,26.96,-0.99
Anuradhapura,2008-06-01,0.83,27.4,-0.79
Anuradhapura,2008-07-01,0.97,27.58,-0.78
Anuradhapura,2008-08-01,1.21,27.77,-1.01
Anuradhapura,2008-09-01,0.25,28.72,-1.02
Anuradhapura,2008-10-01,5.09,27.34,-1.09
Anuradhapura,2008-11-01,8.01,26.13,-0.98
Anuradhapura,2008-12-01,5.84,24.38,-1.01
Anuradhapura,2009-01-01,1.93,23.85,-1.01
Anuradhapura,2009-02-01,0.0,25.25,-0.85
Anuradhapura,2009-03-01,4.32,26.91,-0.95
Anuradhapura,2009-04-01,4.86,27.97,-0.81
Anuradhapura,2009-05-01,0.46,28.31,-0.72
Anuradhapura,2009-06-01,0.27,28.19,-0.05
Anuradhapura,2009-07-01,0.42,28.39,0.56
Anuradhapura,2009-08-01,3.25,27.95,0.56
Anuradhapura,2009-09-01,0.68,28.04,0.42
Anuradhapura,2009-10-01,3.64,28.09,0.56
Anuradhapura,2009-11-01,11.82,25.59,1.04
Anuradhapura,2009-12-01,9.36,25.04,0.95
Anuradhapura,2010-01-01,2.11,24.09,0.93
Anuradhapura,2010-02-01,0.39,24.76,1.28
Anuradhapura,2010-03-01,1.01,27.9,1.33
Anuradhapura,2010-04-01,4.79,29.12,0.49
Anuradhapura,2010-05-01,2.44,28.17,-0.12
Anuradhapura,2010-06-01,0.56,28.23,-1.29
Anuradhapura,2010-07-01,1.36,27.95,-2.42
Anuradhapura,2010-08-01,3.31,27.57,-2.38
Anuradhapura,2010-09-01,7.09,27.0,-2.26
Anuradhapura,2010-10-01,3.96,25.91,-2.16
Anuradhapura,2010-11-01,12.44,25.18,-2.01
Anuradhapura,2010-12-01,13.84,24.16,-1.85
Anuradhapura,2011-01-01,12.08,23.81,-1.77
Anuradhapura,2011-02-01,11.01,24.37,-1.59
Anuradhapura,2011-03-01,1.18,25.72,-1.75
Anuradhapura,2011-04-01,8.52,26.37,-1.69
Anuradhapura,2011-05-01,0.69,27.05,-1.24
Anuradhapura,2011-06-01,0.21,27.67,-1.03
Anuradhapura,2011-07-01,0.77,27.64,-0.75
Anuradhapura,2011-08-01,2.95,27.51,-0.81
Anuradhapura,2011-09-01,0.79,28.2,-1.08
Anuradhapura,2011-10-01,10.23,26.86,-1.3
Anuradhapura,2011-11-01,12.71,25.31,-1.14
Anuradhapura,2011-12-01,5.92,24.54,-1.18
Anuradhapura,2012-01-01,1.03,23.63,-1.07
Anuradhapura,2012-02-01,1.77,24.73,-0.68
Anuradhapura,2012-03-01,1.58,27.25,-0.59
Anuradhapura,2012-04-01,3.86,27.88,-0.38
Anuradhapura,2012-05-01,0.07,28.86,-0.32
Anuradhapura,2012-06-01,0.24,28.81,-0.28
Anuradhapura,2012-07-01,1.08,28.67,0.34
Anuradhapura,2012-08-01,0.28,28.75,-0.02
Anuradhapura,2012-09-01,1.97,28.59,-0.29
Anuradhapura,2012-10-01,16.85,26.58,-0.19
Anuradhapura,2012-11-01,7.16,25.27,-0.03
Anuradhapura,2012-12-01,18.06,24.72,-0.03
Anuradhapura,2013-01-01,6.14,24.0,-0.06
Anuradhapura,2013-02-01,6.87,24.71,-0.08
Anuradhapura,2013-03-01,6.35,25.86,-0.13
Anuradhapura,2013-04-01,2.18,27.31,-0.35
Anuradhapura,2013-05-01,3.35,27.12,-0.68
Anuradhapura,2013-06-01,0.56,27.12,-1.14
Anuradhapura,2013-07-01,1.0,27.17,-0.79
Anuradhapura,2013-08-01,2.47,27.75,-0.45
Anuradhapura,2013-09-01,1.91,27.38,-0.33
Anuradhapura,2013-10-01,3.24,27.51,-0.13
Anuradhapura,2013-11-01,6.55,25.73,-0.16
Anuradhapura,2013-12-01,3.8,24.44,-0.33
Anuradhapura,2014-01-01,5.37,24.33,-0.5
Anuradhapura,2014-02-01,1.13,25.88,-0.42
Anuradhapura,2014-03-01,0.22,28.04,-0.05
Anuradhapura,2014-04-01,4.49,29.39,-0.17
Anuradhapura,2014-05-01,4.85,27.36,-0.17
Anuradhapura,2014-06-01,0.13,28.45,0.0
Anuradhapura,2014-07-01,0.3,28.36,0.41
Anuradhapura,2014-08-01,2.33,27.7,0.23
Anuradhapura,2014-09-01,4.76,28.05,-0.1
Anuradhapura,2014-10-01,8.46,26.3,0.11
Anuradhapura,2014-11-01,12.74,25.2,0.37
Anuradhapura,2014-12-01,18.45,24.78,0.35
Anuradhapura,2015-01-01,0.37,23.86,0.23
Anuradhapura,2015-02-01,5.24,24.46,0.06
Anuradhapura,2015-03-01,2.22,25.78,0.15
Anuradhapura,2015-04-01,6.55,26.94,0.31
Anuradhapura,2015-05-01,6.21,27.02,0.95
Anuradhapura,2015-06-01,0.57,26.96,1.9
Anuradhapura,2015-07-01,0.13,27.77,1.79
Anuradhapura,2015-08-01,2.35,28.19,1.95
Anuradhapura,2015-09-01,5.78,27.09,2.24
Anuradhapura,2015-10-01,10.69,26.31,2.15
Anuradhapura,2015-11-01,16.23,25.53,1.93
Anuradhapura,2015-12-01,8.97,25.26,1.93
Anuradhapura,2016-01-01,2.77,24.32,1.93
Anuradhapura,2016-02-01,0.99,25.13,1.8
Anuradhapura,2016-03-01,0.9,27.64,1.32
Anuradhapura,2016-04-01,1.67,30.05,1.32
Anuradhapura,2016-05-01,14.23,28.31,1.24
Anuradhapura,2016-06-01,0.51,27.03,0.35
Anuradhapura,2016-07-01,0.79,27.54,-0.54
Anuradhapura,2016-08-01,0.24,28.37,-0.26
Anuradhapura,2016-09-01,0.05,29.05,-0.29
Anuradhapura,2016-10-01,2.93,28.69,-0.53
Anuradhapura,2016-11-01,7.81,25.59,-0.47
Anuradhapura,2016-12-01,2.44,24.79,-0.37
Anuradhapura,2017-01-01,3.36,24.69,-0.42
Anuradhapura,2017-02-01,1.53,25.25,-0.41
Anuradhapura,2017-03-01,4.87,26.6,-0.58
Anuradhapura,2017-04-01,1.87,29.3,-0.19
Anuradhapura,2017-05-01,4.29,28.8,0.2
Anuradhapura,2017-06-01,0.43,28.38,-0.23
Anuradhapura,2017-07-01,0.54,28.92,-0.63
Anuradhapura,2017-08-01,2.93,28.25,-0.72
Anuradhapura,2017-09-01,1.97,27.75,-0.73
Anuradhapura,2017-10-01,4.16,27.65,-0.59
Anuradhapura,2017-11-01,7.47,25.64,-0.62
Anuradhapura,2017-12-01,3.14,24.92,-0.74
Anuradhapura,2018-01-01,0.91,24.47,-0.79
Anuradhapura,2018-02-01,1.91,26.3,-0.71
Anuradhapura,2018-03-01,1.96,27.71,-0.8
Anuradhapura,2018-04-01,3.44,28.81,-1.32
Anuradhapura,2018-05-01,8.81,27.1,-0.94
Anuradhapura,2018-06-01,0.67,27.09,-0.51
Anuradhapura,2018-07-01,0.38,27.67,-0.05
Anuradhapura,2018-08-01,0.91,27.92,0.47
Anuradhapura,2018-09-01,1.67,28.71,0.62
Anuradhapura,2018-10-01,9.07,26.25,0.52
Anuradhapura,2018-11-01,7.61,25.37,0.33
Anuradhapura,2018-12-01,3.81,24.69,0.18
Anuradhapura,2019-01-01,0.28,24.0,0.09
Anuradhapura,2019-02-01,3.31,26.24,0.5
Anuradhapura,2019-03-01,0.15,28.6,0.76
Anuradhapura,2019-04-01,2.57,30.49,0.3
Anuradhapura,2019-05-01,0.26,30.31,0.23
Anuradhapura,2019-06-01,0.32,29.93,0.35
Anuradhapura,2019-07-01,0.29,29.59,0.3
Anuradhapura,2019-08-01,3.0,28.03,0.32
Anuradhapura,2019-09-01,4.42,27.5,0.16
Anuradhapura,2019-10-01,13.06,26.08,0.31
Anuradhapura,2019-11-01,7.91,26.04,0.47
Anuradhapura,2019-12-01,12.58,25.14,0.36
Anuradhapura,2020-01-01,0.97,24.59,0.24
Anuradhapura,2020-02-01,0.64,25.13,0.26
Anuradhapura,2020-03-01,0.39,27.83,0.13
Anuradhapura,2020-04-01,2.82,29.68,-0.15
Anuradhapura,2020-05-01,5.12,28.56,-0.23
Anuradhapura,2020-06-01,1.98,28.21,-0.68
Anuradhapura,2020-07-01,3.46,27.01,-0.94
Anuradhapura,2020-08-01,0.78,28.2,-0.96
Anuradhapura,2020-09-01,5.78,26.84,-1.15
Anuradhapura,2020-10-01,1.94,27.56,-1.17
Anuradhapura,2020-11-01,10.93,26.11,-1.13
Anuradhapura,2020-12-01,11.76,24.91,-1.14
Anuradhapura,2021-01-01,7.95,24.59,-1.2
Anuradhapura,2021-02-01,1.25,24.36,-0.96
Anuradhapura,2021-03-01,1.31,25.84,-0.79
Anuradhapura,2021-04-01,3.85,27.93,-0.95
Anuradhapura,2021-05-01,3.74,27.59,-1.07
Anuradhapura,2021-06-01,1.5,27.7,-1.05
Anuradhapura,2021-07-01,3.08,27.63,-1.44
Anuradhapura,2021-08-01,1.33,27.8,-1.29
Anuradhapura,2021-09-01,3.78,27.78,-1.37
Anuradhapura,2021-10-01,10.6,26.44,-1.46
Anuradhapura,2021-11-01,17.29,25.32,-1.39
Anuradhapura,2021-12-01,3.92,24.88,-1.2
Anuradhapura,2022-01-01,3.37,24.61,-1.01
Anuradhapura,2022-02-01,4.34,24.52,-0.98
Anuradhapura,2022-03-01,1.55,26.68,-1.31
Anuradhapura,2022-04-01,9.65,27.14,-1.6
Anuradhapura,2022-05-01,1.43,27.18,-1.63
Anuradhapura,2022-06-01,1.35,27.17,-1.9
Anuradhapura,2022-07-01,3.54,27.41,-2.17
Anuradhapura,2022-08-01,2.82,27.29,-1.75
Anuradhapura,2022-09-01,1.56,27.47,-1.73
Anuradhapura,2022-10-01,7.15,26.62,-1.72
Anuradhapura,2022-11-01,7.64,25.0,-1.53
Anuradhapura,2022-12-01,9.32,24.7,-1.27
Anuradhapura,2023-01-01,3.82,23.51,-1.11
Anuradhapura,2023-02-01,6.42,24.06,-0.91
Anuradhapura,2023-03-01,2.63,26.18,-0.76
Anuradhapura,2023-04-01,3.33,27.75,-0.36
Anuradhapura,2023-05-01,5.26,27.19,-0.06
Anuradhapura,2023-06-01,0.63,28.15,0.43
Anuradhapura,2023-07-01,0.17,28.75,0.51
Anuradhapura,2023-08-01,0.69,29.95,0.51
Anuradhapura,2023-09-01,2.42,28.28,0.69
Anuradhapura,2023-10-01,10.54,26.92,0.48
Anuradhapura,2023-11-01,16.94,26.11,0.91
Anuradhapura,2023-12-01,15.01,25.81,1.13
Anuradhapura,2024-01-01,5.75,24.74,0.7
Anuradhapura,2024-02-01,0.41,25.64,0.68
Anuradhapura,2024-03-01,0.74,26.85,0.78
Anuradhapura,2024-04-01,1.34,30.44,0.34
Anuradhapura,2024-05-01,6.2,29.03,0.12
Anuradhapura,2024-06-01,0.82,28.15,-0.24
Anuradhapura,2024-07-01,0.24,28.87,-0.72
Anuradhapura,2024-08-01,3.82,28.12,-0.73
Anuradhapura,2024-09-01,0.81,28.89,-0.65
Anuradhapura,2024-10-01,6.17,27.12,-0.51
Anuradhapura,2024-11-01,14.71,26.1,-0.68
Anuradhapura,2024-12-01,4.48,25.56,-0.91
Anuradhapura,2025-01-01,7.26,24.5,-1.0
Anuradhapura,2025-02-01,2.59,24.58,-0.83
Anuradhapura,2025-03-01,2.86,26.2,-0.68
Anuradhapura,2025-04-01,6.13,27.26,-0.38
Anuradhapura,2025-05-01,3.83,27.49,-0.36
Anuradhapura,2025-06-01,0.63,27.77,-1.17
Anuradhapura,2025-07-01,0.22,28.26,-1.22
Anuradhapura,2025-08-01,1.22,28.23,-0.87
Anuradhapura,2025-09-01,2.19,28.39,-1.12
Anuradhapura,2025-10-01,7.67,27.15,-1.19
Anuradhapura,2025-11-01,21.87,25.68,-1.06
Anuradhapura,2025-12-01,5.21,24.48,-0.77
Batticaloa,2000-01-01,0.97,26.02,-1.25
Batticaloa,2000-02-01,2.83,26.65,-1.26
Batticaloa,2000-03-01,0.96,27.78,-1.37
Batticaloa,2000-04-01,2.07,29.38,-0.9
Batticaloa,2000-05-01,1.12,30.45,-0.94
Batticaloa,2000-06-01,1.24,29.33,-1.18
Batticaloa,2000-07-01,3.33,29.42,-0.61
Batticaloa,2000-08-01,1.71,28.57,-0.08
Batticaloa,2000-09-01,2.5,28.61,-0.36
Batticaloa,2000-10-01,1.8,28.53,-0.52
Batticaloa,2000-11-01,9.87,27.31,-0.86
Batticaloa,2000-12-01,4.46,26.16,-0.79
Batticaloa,2001-01-01,6.72,25.72,-0.84
Batticaloa,2001-02-01,3.55,25.63,-0.86
Batticaloa,2001-03-01,0.05,27.91,-0.78
Batticaloa,2001-04-01,3.9,28.33,-0.55
Batticaloa,2001-05-01,1.38,30.17,-0.52
Batticaloa,2001-06-01,2.61,29.36,-0.73
Batticaloa,2001-07-01,3.84,29.04,0.03
Batticaloa,2001-08-01,0.4,29.58,0.38
Batticaloa,2001-09-01,3.05,29.11,-0.06
Batticaloa,2001-10-01,2.9,28.16,-0.23
Batticaloa,2001-11-01,7.04,27.3,-0.28
Batticaloa,2001-12-01,6.43,26.39,0.06
Batticaloa,2002-01-01,2.83,26.2,0.09
Batticaloa,2002-02-01,4.1,26.75,-0.26
Batticaloa,2002-03-01,1.43,27.75,-0.2
Batticaloa,2002-04-01,4.06,28.56,-0.36
Batticaloa,2002-05-01,2.9,29.39,-0.14
Batticaloa,2002-06-01,1.71,29.56,0.34
Batticaloa,2002-07-01,0.62,29.86,0.43
Batticaloa,2002-08-01,2.04,29.22,1.01
Batticaloa,2002-09-01,0.65,29.86,0.88
Batticaloa,2002-10-01,5.12,27.92,0.84
Batticaloa,2002-11-01,6.51,26.87,0.84
Batticaloa,2002-12-01,10.81,26.53,0.91
Batticaloa,2003-01-01,4.96,26.05,0.82
Batticaloa,2003-02-01,2.95,26.75,0.63
Batticaloa,2003-03-01,2.94,27.45,0.53
Batticaloa,2003-04-01,2.64,28.61,-0.11
Batticaloa,2003-05-01,2.99,29.38,-0.61
Batticaloa,2003-06-01,1.0,29.17,-0.1
Batticaloa,2003-07-01,0.86,29.22,0.01
Batticaloa,2003-08-01,0.73,29.41,0.05
Batticaloa,2003-09-01,1.25,29.76,0.18
Batticaloa,2003-10-01,3.09,28.98,0.28
Batticaloa,2003-11-01,12.91,26.9,0.3
Batticaloa,2003-12-01,1.6,26.6,0.14
Batticaloa,2004-01-01,2.66,26.56,0.19
Batticaloa,2004-02-01,2.65,26.68,-0.04
Batticaloa,2004-03-01,1.76,27.85,-0.43
Batticaloa,2004-04-01,2.66,28.79,-0.23
Batticaloa,2004-05-01,3.46,29.59,-0.46
Batticaloa,2004-06-01,1.44,29.45,-0.38
Batticaloa,2004-07-01,0.84,29.32,0.46
Batticaloa,2004-08-01,0.62,29.97,0.76
Batticaloa,2004-09-01,6.22,28.64,0.58
Batticaloa,2004-10-01,8.53,27.52,0.4
Batticaloa,2004-11-01,9.35,27.09,0.56
Batticaloa,2004-12-01,15.8,26.36,0.48
Batticaloa,2005-01-01,4.5,26.47,0.09
Batticaloa,2005-02-01,0.82,26.77,0.61
Batticaloa,2005-03-01,1.98,27.7,0.83
Batticaloa,2005-04-01,4.1,28.41,0.14
Batticaloa,2005-05-01,1.91,29.7,0.19
Batticaloa,2005-06-01,1.04,29.82,0.21
Batticaloa,2005-07-01,1.45,29.37,-0.0
Batticaloa,2005-08-01,0.8,29.94,0.02
Batticaloa,2005-09-01,2.51,29.39,-0.02
Batticaloa,2005-10-01,4.44,28.44,-0.66
Batticaloa,2005-11-01,11.13,26.72,-0.7
Batticaloa,2005-12-01,4.2,26.04,-0.7
Batticaloa,2006-01-01,7.91,25.5,-0.64
Batticaloa,2006-02-01,2.91,26.24,-0.49
Batticaloa,2006-03-01,2.96,27.53,-0.62
Batticaloa,2006-04-01,1.77,28.79,-0.84
Batticaloa,2006-05-01,2.37,29.36,-0.42
Batticaloa,2006-06-01,0.94,29.68,-0.17
Batticaloa,2006-07-01,1.49,29.23,0.22
Batticaloa,2006-08-01,2.1,29.17,0.59
Batticaloa,2006-09-01,2.48,28.38,0.65
Batticaloa,2006-10-01,8.56,27.94,0.77
Batticaloa,2006-11-01,11.16,26.88,1.0
Batticaloa,2006-12-01,8.21,26.7,0.64
Batticaloa,2007-01-01,5.06,26.16,0.64
Batticaloa,2007-02-01,3.52,26.39,0.4
Batticaloa,2007-03-01,0.83,26.8,-0.19
Batticaloa,2007-04-01,7.63,27.93,-0.32
Batticaloa,2007-05-01,0.64,29.41,-0.41
Batticaloa,2007-06-01,2.63,29.19,-0.83
Batticaloa,2007-07-01,2.19,28.99,-0.76
Batticaloa,2007-08-01,1.46,29.15,-0.91
Batticaloa,2007-09-01,1.98,28.68,-1.06
Batticaloa,2007-10-01,5.76,27.64,-1.13
Batticaloa,2007-11-01,4.76,26.91,-1.12
Batticaloa,2007-12-01,9.69,26.32,-1.19
Batticaloa,2008-01-01,5.94,26.01,-1.07
Batticaloa,2008-02-01,4.88,26.57,-1.27
Batticaloa,2008-03-01,10.57,26.95,-1.52
Batticaloa,2008-04-01,5.23,27.7,-1.1
Batticaloa,2008-05-01,0.62,28.4,-0.99
Batticaloa,2008-06-01,2.41,28.19,-0.79
Batticaloa,2008-07-01,1.13,28.49,-0.78
Batticaloa,2008-08-01,1.22,28.58,-1.01
Batticaloa,2008-09-01,1.02,29.08,-1.02
Batticaloa,2008-10-01,4.27,28.22,-1.09
Batticaloa,2008-11-01,6.75,27.29,-0.98
Batticaloa,2008-12-01,5.23,26.52,-1.01
Batticaloa,2009-01-01,3.41,26.2,-1.01
Batticaloa,2009-02-01,0.06,26.61,-0.85
Batticaloa,2009-03-01,4.96,27.59,-0.95
Batticaloa,2009-04-01,7.57,28.53,-0.81
Batticaloa,2009-05-01,1.22,29.34,-0.72
Batticaloa,2009-06-01,0.56,29.4,-0.05
Batticaloa,2009-07-01,0.35,29.44,0.56
Batticaloa,2009-08-01,2.02,29.24,0.56
Batticaloa,2009-09-01,0.99,29.47,0.42
Batticaloa,2009-10-01,5.21,28.45,0.56
Batticaloa,2009-11-01,14.36,27.05,1.04
Batticaloa,2009-12-01,10.32,26.71,0.95
Batticaloa,2010-01-01,3.7,26.37,0.93
Batticaloa,2010-02-01,2.26,26.74,1.28
Batticaloa,2010-03-01,2.55,27.94,1.33
Batticaloa,2010-04-01,6.87,28.9,0.49
Batticaloa,2010-05-01,3.93,29.26,-0.12
Batticaloa,2010-06-01,2.43,28.69,-1.29
Batticaloa,2010-07-01,2.29,28.45,-2.42
Batticaloa,2010-08-01,3.55,28.87,-2.38
Batticaloa,2010-09-01,4.83,28.33,-2.26
Batticaloa,2010-10-01,5.12,27.97,-2.16
Batticaloa,2010-11-01,17.3,26.79,-2.01
Batticaloa,2010-12-01,18.53,26.05,-1.85
Batticaloa,2011-01-01,26.58,25.62,-1.77
Batticaloa,2011-02-01,17.86,26.06,-1.59
Batticaloa,2011-03-01,5.04,27.07,-1.75
Batticaloa,2011-04-01,7.55,27.83,-1.69
Batticaloa,2011-05-01,2.52,28.65,-1.24
Batticaloa,2011-06-01,0.52,28.57,-1.03
Batticaloa,2011-07-01,0.94,28.64,-0.75
Batticaloa,2011-08-01,1.71,28.83,-0.81
Batticaloa,2011-09-01,2.54,28.97,-1.08
Batticaloa,2011-10-01,11.66,28.04,-1.3
Batticaloa,2011-11-01,11.78,27.26,-1.14
Batticaloa,2011-12-01,10.11,26.61,-1.18
Batticaloa,2012-01-01,1.86,25.9,-1.07
Batticaloa,2012-02-01,5.85,26.38,-0.68
Batticaloa,2012-03-01,1.88,27.38,-0.59
Batticaloa,2012-04-01,6.96,28.23,-0.38
Batticaloa,2012-05-01,0.3,29.29,-0.32
Batticaloa,2012-06-01,0.97,29.33,-0.28
Batticaloa,2012-07-01,1.25,29.56,0.34
Batticaloa,2012-08-01,1.07,29.41,-0.02
Batticaloa,2012-09-01,2.77,29.04,-0.29
Batticaloa,2012-10-01,11.2,27.64,-0.19
Batticaloa,2012-11-01,9.63,26.99,-0.03
Batticaloa,2012-12-01,19.14,26.51,-0.03
Batticaloa,2013-01-01,13.08,26.19,-0.06
Batticaloa,2013-02-01,8.56,26.64,-0.08
Batticaloa,2013-03-01,5.13,27.78,-0.13
Batticaloa,2013-04-01,4.69,28.89,-0.35
Batticaloa,2013-05-01,3.39,28.79,-0.68
Batticaloa,2013-06-01,1.82,28.15,-1.14
Batticaloa,2013-07-01,1.89,28.21,-0.79
Batticaloa,2013-08-01,1.7,28.75,-0.45
Batticaloa,2013-09-01,2.38,28.81,-0.33
Batticaloa,2013-10-01,3.08,28.69,-0.13
Batticaloa,2013-11-01,6.35,27.29,-0.16
Batticaloa,2013-12-01,6.94,26.11,-0.33
Batticaloa,2014-01-01,5.33,25.93,-0.5
Batticaloa,2014-02-01,1.81,26.63,-0.42
Batticaloa,2014-03-01,1.03,27.69,-0.05
Batticaloa,2014-04-01,2.94,28.89,-0.17
Batticaloa,2014-05-01,5.28,29.06,-0.17
Batticaloa,2014-06-01,0.46,29.79,0.0
Batticaloa,2014-07-01,0.27,29.9,0.41
Batticaloa,2014-08-01,2.57,29.1,0.23
Batticaloa,2014-09-01,2.72,29.15,-0.1
Batticaloa,2014-10-01,10.78,27.83,0.11
Batticaloa,2014-11-01,13.44,26.88,0.37
Batticaloa,2014-12-01,27.94,26.44,0.35
Batticaloa,2015-01-01,0.99,25.92,0.23
Batticaloa,2015-02-01,4.99,26.46,0.06
Batticaloa,2015-03-01,2.78,27.41,0.15
Batticaloa,2015-04-01,5.44,28.27,0.31
Batticaloa,2015-05-01,6.33,28.7,0.95
Batticaloa,2015-06-01,3.6,28.84,1.9
Batticaloa,2015-07-01,1.71,28.78,1.79
Batticaloa,2015-08-01,2.13,29.08,1.95
Batticaloa,2015-09-01,6.62,28.3,2.24
Batticaloa,2015-10-01,13.32,27.76,2.15
Batticaloa,2015-11-01,14.06,27.11,1.93
Batticaloa,2015-12-01,8.52,27.16,1.93
Batticaloa,2016-01-01,2.26,26.82,1.93
Batticaloa,2016-02-01,2.25,27.31,1.8
Batticaloa,2016-03-01,1.55,28.16,1.32
Batticaloa,2016-04-01,2.1,29.93,1.32
Batticaloa,2016-05-01,15.6,29.42,1.24
Batticaloa,2016-06-01,1.11,28.97,0.35
Batticaloa,2016-07-01,1.49,29.09,-0.54
Batticaloa,2016-08-01,0.65,29.7,-0.26
Batticaloa,2016-09-01,0.81,30.02,-0.29
Batticaloa,2016-10-01,3.4,29.2,-0.53
Batticaloa,2016-11-01,6.44,27.46,-0.47
Batticaloa,2016-12-01,2.76,26.78,-0.37
Batticaloa,2017-01-01,3.69,26.21,-0.42
Batticaloa,2017-02-01,3.86,26.72,-0.41
Batticaloa,2017-03-01,4.54,27.52,-0.58
Batticaloa,2017-04-01,1.26,29.31,-0.19
Batticaloa,2017-05-01,4.92,29.43,0.2
Batticaloa,2017-06-01,1.07,29.44,-0.23
Batticaloa,2017-07-01,1.2,29.71,-0.63
Batticaloa,2017-08-01,2.9,29.44,-0.72
Batticaloa,2017-09-01,3.94,28.62,-0.73
Batticaloa,2017-10-01,6.74,28.39,-0.59
Batticaloa,2017-11-01,11.59,27.17,-0.62
Batticaloa,2017-12-01,4.27,26.66,-0.74
Batticaloa,2018-01-01,1.63,25.83,-0.79
Batticaloa,2018-02-01,3.84,26.46,-0.71
Batticaloa,2018-03-01,3.87,27.69,-0.8
Batticaloa,2018-04-01,4.74,28.5,-1.32
Batticaloa,2018-05-01,9.6,28.42,-0.94
Batticaloa,2018-06-01,2.26,28.46,-0.51
Batticaloa,2018-07-01,1.06,28.43,-0.05
Batticaloa,2018-08-01,1.26,28.66,0.47
Batticaloa,2018-09-01,2.11,28.72,0.62
Batticaloa,2018-10-01,8.07,27.44,0.52
Batticaloa,2018-11-01,7.9,27.11,0.33
Batticaloa,2018-12-01,3.38,26.57,0.18
Batticaloa,2019-01-01,1.85,26.03,0.09
Batticaloa,2019-02-01,3.31,27.28,0.5
Batticaloa,2019-03-01,0.57,28.19,0.76
Batticaloa,2019-04-01,2.47,29.46,0.3
Batticaloa,2019-05-01,1.07,30.42,0.23
Batticaloa,2019-06-01,1.89,30.52,0.35
Batticaloa,2019-07-01,1.36,29.69,0.3
Batticaloa,2019-08-01,3.18,29.05,0.32
Batticaloa,2019-09-01,6.83,28.13,0.16
Batticaloa,2019-10-01,11.36,27.28,0.31
Batticaloa,2019-11-01,8.67,27.69,0.47
Batticaloa,2019-12-01,11.08,27.07,0.36
Batticaloa,2020-01-01,1.93,26.94,0.24
Batticaloa,2020-02-01,0.97,26.84,0.26
Batticaloa,2020-03-01,0.46,27.88,0.13
Batticaloa,2020-04-01,3.19,29.11,-0.15
Batticaloa,2020-05-01,4.87,29.66,-0.23
Batticaloa,2020-06-01,2.71,29.6,-0.68
Batticaloa,2020-07-01,3.45,28.6,-0.94
Batticaloa,2020-08-01,1.28,29.08,-0.96
Batticaloa,2020-09-01,4.93,28.53,-1.15
Batticaloa,2020-10-01,1.99,28.82,-1.17
Batticaloa,2020-11-01,8.25,27.54,-1.13
Batticaloa,2020-12-01,14.17,26.75,-1.14
Batticaloa,2021-01-01,9.84,26.45,-1.2
Batticaloa,2021-02-01,2.44,26.68,-0.96
Batticaloa,2021-03-01,3.21,27.4,-0.79
Batticaloa,2021-04-01,2.87,28.49,-0.95
Batticaloa,2021-05-01,5.28,28.85,-1.07
Batticaloa,2021-06-01,2.83,28.76,-1.05
Batticaloa,2021-07-01,2.78,28.71,-1.44
Batticaloa,2021-08-01,3.39,28.62,-1.29
Batticaloa,2021-09-01,5.77,28.54,-1.37
Batticaloa,2021-10-01,11.49,27.94,-1.46
Batticaloa,2021-11-01,19.45,27.27,-1.39
Batticaloa,2021-12-01,3.78,27.0,-1.2
Batticaloa,2022-01-01,3.99,26.54,-1.01
Batticaloa,2022-02-01,6.1,26.62,-0.98
Batticaloa,2022-03-01,4.43,27.69,-1.31
Batticaloa,2022-04-01,8.52,28.41,-1.6
Batticaloa,2022-05-01,5.43,28.95,-1.63
Batticaloa,2022-06-01,2.49,28.35,-1.9
Batticaloa,2022-07-01,3.31,28.25,-2.17
Batticaloa,2022-08-01,5.49,28.09,-1.75
Batticaloa,2022-09-01,2.18,28.31,-1.73
Batticaloa,2022-10-01,8.49,27.87,-1.72
Batticaloa,2022-11-01,9.35,26.8,-1.53
Batticaloa,2022-12-01,12.73,26.38,-1.27
Batticaloa,2023-01-01,4.53,25.91,-1.11
Batticaloa,2023-02-01,3.9,26.38,-0.91
Batticaloa,2023-03-01,2.14,27.62,-0.76
Batticaloa,2023-04-01,3.64,29.1,-0.36
Batticaloa,2023-05-01,6.77,28.97,-0.06
Batticaloa,2023-06-01,2.71,29.33,0.43
Batticaloa,2023-07-01,1.57,29.19,0.51
Batticaloa,2023-08-01,1.83,29.59,0.51
Batticaloa,2023-09-01,7.44,28.38,0.69
Batticaloa,2023-10-01,17.65,27.62,0.48
Batticaloa,2023-11-01,10.33,27.61,0.91
Batticaloa,2023-12-01,15.36,27.48,1.13
Batticaloa,2024-01-01,7.9,26.99,0.7
Batticaloa,2024-02-01,1.08,27.49,0.68
Batticaloa,2024-03-01,1.15,28.06,0.78
Batticaloa,2024-04-01,2.3,29.76,0.34
Batticaloa,2024-05-01,5.9,29.82,0.12
Batticaloa,2024-06-01,2.02,29.59,-0.24
Batticaloa,2024-07-01,1.15,29.81,-0.72
Batticaloa,2024-08-01,3.27,29.42,-0.73
Batticaloa,2024-09-01,1.92,29.74,-0.65
Batticaloa,2024-10-01,9.24,28.39,-0.51
Batticaloa,2024-11-01,13.9,27.7,-0.68
Batticaloa,2024-12-01,9.38,27.16,-0.91
Batticaloa,2025-01-01,11.18,26.36,-1.0
Batticaloa,2025-02-01,2.81,27.1,-0.83
Batticaloa,2025-03-01,4.06,27.91,-0.68
Batticaloa,2025-04-01,6.7,28.68,-0.38
Batticaloa,2025-05-01,4.29,29.12,-0.36
Batticaloa,2025-06-01,1.52,28.8,-1.17
Batticaloa,2025-07-01,0.46,29.05,-1.22
Batticaloa,2025-08-01,2.35,29.03,-0.87
Batticaloa,2025-09-01,3.27,29.37,-1.12
Batticaloa,2025-10-01,8.44,28.28,-1.19
Batticaloa,2025-11-01,17.07,27.34,-1.06
Batticaloa,2025-12-01,5.29,26.58,-0.77
